{
  "model_version": "unrest-risk-v0.5-monotonic-constrained",
  "fitted_at": "2026-05-17",
  "train_years": [1996, 2022],
  "features": ["civil_liberties", "log_gdp_per_cap", "loser_consent", "conflict_neighbors_count", "gdp_growth", "cpi_inflation", "unemployment", "political_violence_ord_lag1", "log_refugee_outflow", "coup_proof_fragmentation"],
  "feature_labels": {
    "civil_liberties": "Civil liberties",
    "log_gdp_per_cap": "GDP per capita",
    "loser_consent": "Loser consent",
    "conflict_neighbors_count": "Regional conflict",
    "gdp_growth": "GDP growth",
    "cpi_inflation": "Inflation",
    "unemployment": "Unemployment",
    "political_violence_ord": "Political violence",
    "log_refugee_outflow": "Refugee outflow (log)",
    "coup_proof_fragmentation": "Coup-proofing fragmentation"
  },
  "feature_direction": {
    "civil_liberties": -1,
    "log_gdp_per_cap": -1,
    "loser_consent": -1,
    "conflict_neighbors_count": 1,
    "gdp_growth": -1,
    "cpi_inflation": 1,
    "unemployment": 1,
    "political_violence_ord": 1,
    "log_refugee_outflow": 1,
    "coup_proof_fragmentation": -1
  },
  "strata": {
    "closed_autocracy": {
      "regime_code": 0,
      "coefficients": {
        "(Intercept)": -6.318272,
        "civil_liberties": 0,
        "log_gdp_per_cap": -0.494224,
        "loser_consent": 0,
        "conflict_neighbors_count": 0.118563,
        "gdp_growth": -0.038262,
        "cpi_inflation": 0.009711,
        "unemployment": 0,
        "political_violence_ord_lag1": 2.366715,
        "log_refugee_outflow": 0.26258,
        "coup_proof_fragmentation": 0
      },
      "vcov": [
        [19.162367, -0.085501, -1.644904, -0.001856, 0.18469, -0.070728, -0.018588, -0.001723, 0.057054, -0.61973, -0.03587],
        [-0.085501, 0.086127, 0.006905, 0.000092, -0.007496, 0.001164, 0.000226, 0.000219, 0.003989, 0.000436, 0.000543],
        [-1.644904, 0.006905, 0.160048, 0.00022, -0.025097, 0.000592, 0.001297, 0.000197, -0.035074, 0.051834, 0.002927],
        [-0.001856, 0.000092, 0.00022, 0.000034, -0.000047, -0.000016, 3.8796e-06, 9.765492e-07, -0.000124, 0.000058, 3.330668e-06],
        [0.18469, -0.007496, -0.025097, -0.000047, 0.017604, 0.001246, 0.000246, -0.000158, 0.005666, -0.006265, -0.000975],
        [-0.070728, 0.001164, 0.000592, -0.000016, 0.001246, 0.004022, 0.000184, 0.000068, 0.011207, 0.001549, -0.000558],
        [-0.018588, 0.000226, 0.001297, 3.8796e-06, 0.000246, 0.000184, 0.000172, -4.961788e-06, 0.0001, 0.000475, 0.00007],
        [-0.001723, 0.000219, 0.000197, 9.765492e-07, -0.000158, 0.000068, -4.961788e-06, 0.000107, 7.990895e-06, -0.000127, 0.000025],
        [0.057054, 0.003989, -0.035074, -0.000124, 0.005666, 0.011207, 0.0001, 7.990895e-06, 0.087636, -0.008334, -0.002616],
        [-0.61973, 0.000436, 0.051834, 0.000058, -0.006265, 0.001549, 0.000475, -0.000127, -0.008334, 0.024863, 0.001598],
        [-0.03587, 0.000543, 0.002927, 3.330668e-06, -0.000975, -0.000558, 0.00007, 0.000025, -0.002616, 0.001598, 0.004207]
      ],
      "feature_order": ["(Intercept)", "civil_liberties", "log_gdp_per_cap", "loser_consent", "conflict_neighbors_count", "gdp_growth", "cpi_inflation", "unemployment", "political_violence_ord_lag1", "log_refugee_outflow", "coup_proof_fragmentation"],
      "n_train": 261,
      "n_events": 22,
      "lambda": 0.006937,
      "n_bootstrap": 500
    },
    "electoral_autocracy": {
      "regime_code": 1,
      "coefficients": {
        "(Intercept)": -5.23809,
        "civil_liberties": 0,
        "log_gdp_per_cap": 0,
        "loser_consent": 0,
        "conflict_neighbors_count": 0.017204,
        "gdp_growth": -0.007569,
        "cpi_inflation": 0,
        "unemployment": 0,
        "political_violence_ord_lag1": 0.677875,
        "log_refugee_outflow": 0.269572,
        "coup_proof_fragmentation": 0.215023
      },
      "vcov": [
        [0.287386, -0.00107, -0.013229, -0.00013, -0.003684, -0.000557, 0.000027, -9.092299e-06, -0.002759, -0.01237, -0.016522],
        [-0.00107, 0.000366, 0.000118, -4.904628e-07, 2.823935e-06, -9.300151e-06, 1.337129e-07, 5.553861e-08, -0.000014, 0.00001, -0.000016],
        [-0.013229, 0.000118, 0.001572, -3.056621e-06, 0.000077, -1.697226e-06, -1.015341e-06, 1.203083e-06, -0.000026, 0.000201, -0.000498],
        [-0.00013, -4.904628e-07, -3.056621e-06, 0.000019, 1.328342e-06, -5.396933e-07, -1.567058e-08, 2.537818e-08, -0.000016, 0.00001, 0.000018],
        [-0.003684, 2.823935e-06, 0.000077, 1.328342e-06, 0.000186, 0.00001, -5.203157e-07, -4.725307e-07, -0.00001, 0.000102, 0.000452],
        [-0.000557, -9.300151e-06, -1.697226e-06, -5.396933e-07, 0.00001, 0.000082, -3.530122e-07, 2.992979e-07, 0.000058, 4.524313e-06, -0.000021],
        [0.000027, 1.337129e-07, -1.015341e-06, -1.567058e-08, -5.203157e-07, -3.530122e-07, 6.253874e-07, 1.148397e-08, 1.489283e-06, -2.104006e-06, -2.804718e-07],
        [-9.092299e-06, 5.553861e-08, 1.203083e-06, 2.537818e-08, -4.725307e-07, 2.992979e-07, 1.148397e-08, 3.739399e-07, 1.122526e-06, -3.758201e-07, 5.652482e-07],
        [-0.002759, -0.000014, -0.000026, -0.000016, -0.00001, 0.000058, 1.489283e-06, 1.122526e-06, 0.004412, -0.000636, -0.000251],
        [-0.01237, 0.00001, 0.000201, 0.00001, 0.000102, 4.524313e-06, -2.104006e-06, -3.758201e-07, -0.000636, 0.001115, 0.000222],
        [-0.016522, -0.000016, -0.000498, 0.000018, 0.000452, -0.000021, -2.804718e-07, 5.652482e-07, -0.000251, 0.000222, 0.008305]
      ],
      "feature_order": ["(Intercept)", "civil_liberties", "log_gdp_per_cap", "loser_consent", "conflict_neighbors_count", "gdp_growth", "cpi_inflation", "unemployment", "political_violence_ord_lag1", "log_refugee_outflow", "coup_proof_fragmentation"],
      "n_train": 1434,
      "n_events": 470,
      "lambda": 0.005045,
      "n_bootstrap": 500
    },
    "electoral_democracy": {
      "regime_code": 2,
      "coefficients": {
        "(Intercept)": 0.89,
        "civil_liberties": -6.615809,
        "log_gdp_per_cap": 0,
        "loser_consent": -0.066227,
        "conflict_neighbors_count": 0,
        "gdp_growth": -0.031279,
        "cpi_inflation": 0,
        "unemployment": 0.026662,
        "political_violence_ord_lag1": 0.312787,
        "log_refugee_outflow": 0.215269,
        "coup_proof_fragmentation": 0.610179
      },
      "vcov": [
        [1.233326, -1.14859, 0, -0.025795, -0.001167, -0.000755, -0.000044, -0.000855, -0.04686, -0.011173, -0.013387],
        [-1.14859, 1.318741, 0, 0.004894, 0.000458, -0.001202, -0.00002, -0.000855, 0.051539, 0.00273, -0.012439],
        [0, 0, 1e-08, 0, 0, 0, 0, 0, 0, 0, 0],
        [-0.025795, 0.004894, 0, 0.009026, -0.000021, 0.000326, -1.520532e-06, 0.000031, 0.000537, -0.001218, -0.001076],
        [-0.001167, 0.000458, 0, -0.000021, 0.000089, 8.215747e-07, 4.73952e-07, 4.718751e-06, -0.000047, 0.000045, 0.000038],
        [-0.000755, -0.001202, 0, 0.000326, 8.215747e-07, 0.000312, -1.26827e-06, 0.000028, -0.000075, -0.000085, 0.000026],
        [-0.000044, -0.00002, 0, -1.520532e-06, 4.73952e-07, -1.26827e-06, 5.43679e-06, 2.582335e-06, 5.006482e-06, -1.065669e-06, 4.333844e-06],
        [-0.000855, -0.000855, 0, 0.000031, 4.718751e-06, 0.000028, 2.582335e-06, 0.000144, 0.000087, -0.000077, 0.000305],
        [-0.04686, 0.051539, 0, 0.000537, -0.000047, -0.000075, 5.006482e-06, 0.000087, 0.009282, -0.001082, -0.001034],
        [-0.011173, 0.00273, 0, -0.001218, 0.000045, -0.000085, -1.065669e-06, -0.000077, -0.001082, 0.001763, 0.000204],
        [-0.013387, -0.012439, 0, -0.001076, 0.000038, 0.000026, 4.333844e-06, 0.000305, -0.001034, 0.000204, 0.011794]
      ],
      "feature_order": ["(Intercept)", "civil_liberties", "log_gdp_per_cap", "loser_consent", "conflict_neighbors_count", "gdp_growth", "cpi_inflation", "unemployment", "political_violence_ord_lag1", "log_refugee_outflow", "coup_proof_fragmentation"],
      "n_train": 1224,
      "n_events": 286,
      "lambda": 0.003038,
      "n_bootstrap": 500
    },