{
  "model_version": "unrest-risk-v0.1",
  "fitted_at": "2026-05-17",
  "train_years": [1995, 2022],
  "features": ["civil_liberties", "z_gdp_growth", "z_cpi_inflation", "z_unemployment", "z_political_violence_ord", "z_refugee_outflow", "z_ffpi_avg", "z_coup_proof_fragmentation"],
  "feature_labels": {
    "civil_liberties": "Civil liberties",
    "z_gdp_growth": "GDP growth",
    "z_cpi_inflation": "Inflation",
    "z_unemployment": "Unemployment",
    "z_political_violence_ord": "Political violence",
    "z_refugee_outflow": "Refugee outflow",
    "z_ffpi_avg": "Global food prices",
    "z_coup_proof_fragmentation": "Coup-proofing fragmentation"
  },
  "feature_direction": {
    "civil_liberties": -1,
    "z_gdp_growth": -1,
    "z_cpi_inflation": 1,
    "z_unemployment": 1,
    "z_political_violence_ord": 1,
    "z_refugee_outflow": 1,
    "z_ffpi_avg": 1,
    "z_coup_proof_fragmentation": -1
  },
  "strata": {
    "closed_autocracy": {
      "regime_code": 0,
      "coefficients": {
        "(Intercept)": -0.644263,
        "civil_liberties": -2.218881,
        "z_gdp_growth": -0.210345,
        "z_cpi_inflation": 0.272102,
        "z_unemployment": -0.0732,
        "z_political_violence_ord": 0.259671,
        "z_refugee_outflow": 0.240614,
        "z_ffpi_avg": -0.249253,
        "z_coup_proof_fragmentation": 0.049224
      },
      "vcov": [
        [0.028043, -0.063396, 0.00049, -0.001715, -0.001466, -0.001998, 0.000284, 0.00237, 0.00017],
        [-0.063396, 0.22011, 0.000933, 0.00061, 0.006212, -0.001375, -0.004159, 0.002273, -0.000122],
        [0.00049, 0.000933, 0.008775, -0.000346, 0.001902, 0.000085, -0.000027, 0.000437, -0.000723],
        [-0.001715, 0.00061, -0.000346, 0.007852, 0.000268, -0.000847, 0.001364, -0.001817, -0.000929],
        [-0.001466, 0.006212, 0.001902, 0.000268, 0.010385, -0.001206, -0.002638, 0.000658, 0.000091],
        [-0.001998, -0.001375, 0.000085, -0.000847, -0.001206, 0.012819, -0.002774, 0.001194, -0.001078],
        [0.000284, -0.004159, -0.000027, 0.001364, -0.002638, -0.002774, 0.011814, -0.004517, -0.000491],
        [0.00237, 0.002273, 0.000437, -0.001817, 0.000658, 0.001194, -0.004517, 0.010811, 0.000964],
        [0.00017, -0.000122, -0.000723, -0.000929, 0.000091, -0.001078, -0.000491, 0.000964, 0.008662]
      ],
      "feature_order": ["(Intercept)", "civil_liberties", "z_gdp_growth", "z_cpi_inflation", "z_unemployment", "z_political_violence_ord", "z_refugee_outflow", "z_ffpi_avg", "z_coup_proof_fragmentation"],
      "n_train": 752,
      "deviance": 757.411177,
      "null_deviance": 813.576795
    },
    "electoral_autocracy": {
      "regime_code": 1,
      "coefficients": {
        "(Intercept)": 0.145696,
        "civil_liberties": -1.765751,
        "z_gdp_growth": 0.014469,
        "z_cpi_inflation": 0.032888,
        "z_unemployment": 0.095787,
        "z_political_violence_ord": 0.367348,
        "z_refugee_outflow": 0.044371,
        "z_ffpi_avg": 0.071914,
        "z_coup_proof_fragmentation": 0.020565
      },
      "vcov": [
        [0.026838, -0.045655, 0.000053, 0.000901, 0.000529, -0.000281, 0.000689, 0.000157, 0.000608],
        [-0.045655, 0.087935, -0.000295, -0.001331, -0.001276, -0.000804, -0.000628, 0.000054, -0.001274],
        [0.000053, -0.000295, 0.003103, 0.000083, 0.000598, 0.000375, 9.660491e-06, 0.000029, 0.000037],
        [0.000901, -0.001331, 0.000083, 0.003908, 0.00001, -0.000244, 0.000479, -0.00034, 0.000177],
        [0.000529, -0.001276, 0.000598, 0.00001, 0.003496, -0.00002, -0.000111, 0.000192, 0.000076],
        [-0.000281, -0.000804, 0.000375, -0.000244, -0.00002, 0.004035, -0.000794, 3.197205e-06, 0.000107],
        [0.000689, -0.000628, 9.660491e-06, 0.000479, -0.000111, -0.000794, 0.00384, -0.000755, 0.00032],
        [0.000157, 0.000054, 0.000029, -0.00034, 0.000192, 3.197205e-06, -0.000755, 0.00352, -0.000226],
        [0.000608, -0.001274, 0.000037, 0.000177, 0.000076, 0.000107, 0.00032, -0.000226, 0.003815]
      ],
      "feature_order": ["(Intercept)", "civil_liberties", "z_gdp_growth", "z_cpi_inflation", "z_unemployment", "z_political_violence_ord", "z_refugee_outflow", "z_ffpi_avg", "z_coup_proof_fragmentation"],
      "n_train": 1626,
      "deviance": 1959.951893,
      "null_deviance": 2038.096773
    },
    "electoral_democracy": {
      "regime_code": 2,
      "coefficients": {
        "(Intercept)": 9.083081,
        "civil_liberties": -12.957506,
        "z_gdp_growth": -0.124115,
        "z_cpi_inflation": -0.029793,
        "z_unemployment": 0.176799,
        "z_political_violence_ord": 0.302868,
        "z_refugee_outflow": 0.1776,
        "z_ffpi_avg": 0.326426,
        "z_coup_proof_fragmentation": 0.109806
      },
      "vcov": [
        [0.584615, -0.730169, -0.002831, -0.004071, -0.000048, -0.001919, 0.001775, 0.012328, 0.003354],
        [-0.730169, 0.92109, 0.003682, 0.005317, -0.00108, 0.003118, -0.001953, -0.015838, -0.00471],
        [-0.002831, 0.003682, 0.006218, -0.000096, 0.001005, -0.000128, 0.00016, -0.000508, -0.000149],
        [-0.004071, 0.005317, -0.000096, 0.006768, -0.000014, -0.000206, 0.001233, -0.000262, -0.000343],
        [-0.000048, -0.00108, 0.001005, -0.000014, 0.006176, -7.566521e-06, -0.000204, 0.000855, -0.000311],
        [-0.001919, 0.003118, -0.000128, -0.000206, -7.566521e-06, 0.009725, -0.000812, -0.000029, -0.000948],
        [0.001775, -0.001953, 0.00016, 0.001233, -0.000204, -0.000812, 0.007874, -0.00174, -0.000253],
        [0.012328, -0.015838, -0.000508, -0.000262, 0.000855, -0.000029, -0.00174, 0.006839, 0.000208],
        [0.003354, -0.00471, -0.000149, -0.000343, -0.000311, -0.000948, -0.000253, 0.000208, 0.007647]
      ],
      "feature_order": ["(Intercept)", "civil_liberties", "z_gdp_growth", "z_cpi_inflation", "z_unemployment", "z_political_violence_ord", "z_refugee_outflow", "z_ffpi_avg", "z_coup_proof_fragmentation"],
      "n_train": 1419,
      "deviance": 1150.295498,
      "null_deviance": 1420.69642
    },
    "liberal_democracy": {
      "regime_code": 3,
      "coefficients": {
        "(Intercept)": 7.102988,
        "civil_liberties": -9.856206,
        "z_gdp_growth": -0.114067,
        "z_cpi_inflation": 0.090253,
        "z_unemployment": 0.114083,
        "z_political_violence_ord": 0.115701,
        "z_refugee_outflow": 0.082095,
        "z_ffpi_avg": -0.157732,
        "z_coup_proof_fragmentation": -0.10334
      },
      "vcov": [
        [4.445231, -4.786221, -0.005627, -0.012658, 0.000723, 0.008066, 0.019416, -0.032333, 0.004365],
        [-4.786221, 5.165078, 0.006635, 0.01375, -0.00196, -0.00816, -0.020325, 0.03643, -0.002781],
        [-0.005627, 0.006635, 0.009773, -0.001655, 0.001326, 0.001348, 0.000194, 0.001461, 0.000203],
        [-0.012658, 0.01375, -0.001655, 0.010801, 0.001307, -0.001096, 0.000099, -0.000688, 0.000089],
        [0.000723, -0.00196, 0.001326, 0.001307, 0.01062, -0.000883, 0.001056, 0.000737, 0.00225],
        [0.008066, -0.00816, 0.001348, -0.001096, -0.000883, 0.016669, 0.000608, -0.000956, -0.000659],
        [0.019416, -0.020325, 0.000194, 0.000099, 0.001056, 0.000608, 0.011892, -0.001817, -0.000824],
        [-0.032333, 0.03643, 0.001461, -0.000688, 0.000737, -0.000956, -0.001817, 0.011206, -0.000301],
        [0.004365, -0.002781, 0.000203, 0.000089, 0.00225, -0.000659, -0.000824, -0.000301, 0.013879]
      ],
      "feature_order": ["(Intercept)", "civil_liberties", "z_gdp_growth", "z_cpi_inflation", "z_unemployment", "z_political_violence_ord", "z_refugee_outflow", "z_ffpi_avg", "z_coup_proof_fragmentation"],
      "n_train": 1099,
      "deviance": 755.359836,
      "null_deviance": 778.671134
    }
  }
}
