{
  "model_version": "unrest-risk-v0.1",
  "fitted_at": "2026-05-17",
  "train_years": [1995, 2022],
  "features": ["civil_liberties", "z_gdp_growth", "z_cpi_inflation", "z_unemployment", "z_political_violence_ord", "z_refugee_outflow", "z_ffpi_avg", "z_coup_proof_fragmentation"],
  "feature_labels": {
    "civil_liberties": "Civil liberties",
    "z_gdp_growth": "GDP growth",
    "z_cpi_inflation": "Inflation",
    "z_unemployment": "Unemployment",
    "z_political_violence_ord": "Political violence",
    "z_refugee_outflow": "Refugee outflow",
    "z_ffpi_avg": "Global food prices",
    "z_coup_proof_fragmentation": "Coup-proofing fragmentation"
  },
  "feature_direction": {
    "civil_liberties": -1,
    "z_gdp_growth": -1,
    "z_cpi_inflation": 1,
    "z_unemployment": 1,
    "z_political_violence_ord": 1,
    "z_refugee_outflow": 1,
    "z_ffpi_avg": 1,
    "z_coup_proof_fragmentation": -1
  },
  "strata": {
    "closed_autocracy": {
      "regime_code": 0,
      "coefficients": {
        "(Intercept)": -0.630609,
        "civil_liberties": -2.249931,
        "z_gdp_growth": -0.196276,
        "z_cpi_inflation": 0.245874,
        "z_unemployment": -0.050431,
        "z_political_violence_ord": 0.295264,
        "z_refugee_outflow": 0.230505,
        "z_ffpi_avg": -0.244845,
        "z_coup_proof_fragmentation": 0.060575
      },
      "vcov": [
        [0.027609, -0.062909, 0.000542, -0.001454, -0.001432, -0.001887, 0.000107, 0.002044, 0.000037],
        [-0.062909, 0.219697, 0.000683, 0.000199, 0.006085, -0.001916, -0.004206, 0.002394, -0.000213],
        [0.000542, 0.000683, 0.008901, -0.000038, 0.001911, 1.170841e-06, 0.000125, 0.00035, -0.000764],
        [-0.001454, 0.000199, -0.000038, 0.008296, 0.000804, -0.000665, 0.001185, -0.001921, -0.00075],
        [-0.001432, 0.006085, 0.001911, 0.000804, 0.010436, -0.001274, -0.002526, 0.000524, 0.00009],
        [-0.001887, -0.001916, 1.170841e-06, -0.000665, -0.001274, 0.012532, -0.002567, 0.001034, -0.000969],
        [0.000107, -0.004206, 0.000125, 0.001185, -0.002526, -0.002567, 0.011647, -0.004543, -0.000387],
        [0.002044, 0.002394, 0.00035, -0.001921, 0.000524, 0.001034, -0.004543, 0.010706, 0.000841],
        [0.000037, -0.000213, -0.000764, -0.00075, 0.00009, -0.000969, -0.000387, 0.000841, 0.008438]
      ],
      "feature_order": ["(Intercept)", "civil_liberties", "z_gdp_growth", "z_cpi_inflation", "z_unemployment", "z_political_violence_ord", "z_refugee_outflow", "z_ffpi_avg", "z_coup_proof_fragmentation"],
      "n_train": 752,
      "deviance": 758.066741,
      "null_deviance": 813.576795
    },
    "electoral_autocracy": {
      "regime_code": 1,
      "coefficients": {
        "(Intercept)": 0.149097,
        "civil_liberties": -1.779355,
        "z_gdp_growth": 0.019984,
        "z_cpi_inflation": 0.02684,
        "z_unemployment": 0.10809,
        "z_political_violence_ord": 0.36325,
        "z_refugee_outflow": 0.051496,
        "z_ffpi_avg": 0.070479,
        "z_coup_proof_fragmentation": 0.014811
      },
      "vcov": [
        [0.026871, -0.045752, 0.000093, 0.001061, 0.000529, -0.000194, 0.000595, 0.000024, 0.000586],
        [-0.045752, 0.088111, -0.000353, -0.001495, -0.001241, -0.000933, -0.000621, 0.000066, -0.001223],
        [0.000093, -0.000353, 0.003173, 0.000101, 0.000607, 0.000392, 0.000014, 0.00003, 0.000035],
        [0.001061, -0.001495, 0.000101, 0.004, 0.000016, -0.000243, 0.000457, -0.000328, 0.000181],
        [0.000529, -0.001241, 0.000607, 0.000016, 0.00348, -6.266711e-06, -0.000118, 0.000192, 0.000061],
        [-0.000194, -0.000933, 0.000392, -0.000243, -6.266711e-06, 0.003982, -0.000779, -5.416032e-08, 0.000129],
        [0.000595, -0.000621, 0.000014, 0.000457, -0.000118, -0.000779, 0.003793, -0.000754, 0.000322],
        [0.000024, 0.000066, 0.00003, -0.000328, 0.000192, -5.416032e-08, -0.000754, 0.003448, -0.000216],
        [0.000586, -0.001223, 0.000035, 0.000181, 0.000061, 0.000129, 0.000322, -0.000216, 0.003834]
      ],
      "feature_order": ["(Intercept)", "civil_liberties", "z_gdp_growth", "z_cpi_inflation", "z_unemployment", "z_political_violence_ord", "z_refugee_outflow", "z_ffpi_avg", "z_coup_proof_fragmentation"],
      "n_train": 1626,
      "deviance": 1959.190368,
      "null_deviance": 2038.096773
    },
    "electoral_democracy": {
      "regime_code": 2,
      "coefficients": {
        "(Intercept)": 9.068675,
        "civil_liberties": -12.961392,
        "z_gdp_growth": -0.129879,
        "z_cpi_inflation": -0.032944,
        "z_unemployment": 0.169379,
        "z_political_violence_ord": 0.302794,
        "z_refugee_outflow": 0.18608,
        "z_ffpi_avg": 0.318346,
        "z_coup_proof_fragmentation": 0.132885
      },
      "vcov": [
        [0.584258, -0.730425, -0.002766, -0.003836, -0.000145, -0.001828, 0.00146, 0.012021, 0.0037],
        [-0.730425, 0.922283, 0.003671, 0.005059, -0.000793, 0.00297, -0.001811, -0.015699, -0.005202],
        [-0.002766, 0.003671, 0.00636, -0.000108, 0.001011, -0.000147, 0.000171, -0.000517, -0.000155],
        [-0.003836, 0.005059, -0.000108, 0.006913, -0.000016, -0.000224, 0.00122, -0.000256, -0.00036],
        [-0.000145, -0.000793, 0.001011, -0.000016, 0.006146, 5.241968e-07, -0.000237, 0.000845, -0.000295],
        [-0.001828, 0.00297, -0.000147, -0.000224, 5.241968e-07, 0.009611, -0.000802, -0.000054, -0.000976],
        [0.00146, -0.001811, 0.000171, 0.00122, -0.000237, -0.000802, 0.00766, -0.001742, -0.000205],
        [0.012021, -0.015699, -0.000517, -0.000256, 0.000845, -0.000054, -0.001742, 0.006722, 0.000221],
        [0.0037, -0.005202, -0.000155, -0.00036, -0.000295, -0.000976, -0.000205, 0.000221, 0.00758]
      ],
      "feature_order": ["(Intercept)", "civil_liberties", "z_gdp_growth", "z_cpi_inflation", "z_unemployment", "z_political_violence_ord", "z_refugee_outflow", "z_ffpi_avg", "z_coup_proof_fragmentation"],
      "n_train": 1419,
      "deviance": 1148.543866,
      "null_deviance": 1420.69642
    },
    "liberal_democracy": {
      "regime_code": 3,
      "coefficients": {
        "(Intercept)": 7.127453,
        "civil_liberties": -9.872737,
        "z_gdp_growth": -0.115925,
        "z_cpi_inflation": 0.095583,
        "z_unemployment": 0.101882,
        "z_political_violence_ord": 0.119197,
        "z_refugee_outflow": 0.086804,
        "z_ffpi_avg": -0.159659,
        "z_coup_proof_fragmentation": -0.095329
      },
      "vcov": [
        [4.447966, -4.788021, -0.004523, -0.010345, 0.0011, 0.010197, 0.019937, -0.03302, 0.006672],
        [-4.788021, 5.165447, 0.005277, 0.011073, -0.002221, -0.010643, -0.021302, 0.03676, -0.005457],
        [-0.004523, 0.005277, 0.009914, -0.001708, 0.001321, 0.001376, 0.0002, 0.00144, 0.000195],
        [-0.010345, 0.011073, -0.001708, 0.010831, 0.00136, -0.001122, 0.000108, -0.000742, 0.000056],
        [0.0011, -0.002221, 0.001321, 0.00136, 0.010727, -0.000919, 0.001112, 0.000744, 0.002216],
        [0.010197, -0.010643, 0.001376, -0.001122, -0.000919, 0.016691, 0.000506, -0.001018, -0.000749],
        [0.019937, -0.021302, 0.0002, 0.000108, 0.001112, 0.000506, 0.011598, -0.001822, -0.000855],
        [-0.03302, 0.03676, 0.00144, -0.000742, 0.000744, -0.001018, -0.001822, 0.010972, -0.000262],
        [0.006672, -0.005457, 0.000195, 0.000056, 0.002216, -0.000749, -0.000855, -0.000262, 0.013577]
      ],
      "feature_order": ["(Intercept)", "civil_liberties", "z_gdp_growth", "z_cpi_inflation", "z_unemployment", "z_political_violence_ord", "z_refugee_outflow", "z_ffpi_avg", "z_coup_proof_fragmentation"],
      "n_train": 1099,
      "deviance": 755.626252,
      "null_deviance": 778.671134
    }
  }
}
