{
  "model_version": "unrest-risk-v0.1",
  "fitted_at": "2026-05-17",
  "train_years": [1995, 2022],
  "features": ["civil_liberties", "z_gdp_growth", "z_cpi_inflation", "z_unemployment", "z_political_violence_ord", "z_refugee_outflow", "z_ffpi_avg", "z_coup_proof_fragmentation"],
  "feature_labels": {
    "civil_liberties": "Civil liberties",
    "z_gdp_growth": "GDP growth",
    "z_cpi_inflation": "Inflation",
    "z_unemployment": "Unemployment",
    "z_political_violence_ord": "Political violence",
    "z_refugee_outflow": "Refugee outflow",
    "z_ffpi_avg": "Global food prices",
    "z_coup_proof_fragmentation": "Coup-proofing fragmentation"
  },
  "feature_direction": {
    "civil_liberties": -1,
    "z_gdp_growth": -1,
    "z_cpi_inflation": 1,
    "z_unemployment": 1,
    "z_political_violence_ord": 1,
    "z_refugee_outflow": 1,
    "z_ffpi_avg": 1,
    "z_coup_proof_fragmentation": -1
  },
  "strata": {
    "closed_autocracy": {
      "regime_code": 0,
      "coefficients": {
        "(Intercept)": -0.638422,
        "civil_liberties": -2.235237,
        "z_gdp_growth": -0.20553,
        "z_cpi_inflation": 0.251564,
        "z_unemployment": -0.065662,
        "z_political_violence_ord": 0.288557,
        "z_refugee_outflow": 0.237622,
        "z_ffpi_avg": -0.244888,
        "z_coup_proof_fragmentation": 0.052738
      },
      "vcov": [
        [0.027732, -0.063134, 0.000587, -0.001628, -0.001335, -0.001809, 0.000042, 0.002086, 0.00011],
        [-0.063134, 0.220061, 0.000784, 0.000581, 0.006224, -0.001933, -0.004221, 0.002269, -0.000226],
        [0.000587, 0.000784, 0.008965, -0.000345, 0.001931, 0.000028, 0.000049, 0.000425, -0.000722],
        [-0.001628, 0.000581, -0.000345, 0.008026, 0.000267, -0.000827, 0.001363, -0.001829, -0.000961],
        [-0.001335, 0.006224, 0.001931, 0.000267, 0.010394, -0.001235, -0.002622, 0.000667, 0.000118],
        [-0.001809, -0.001933, 0.000028, -0.000827, -0.001235, 0.012563, -0.002626, 0.001089, -0.000933],
        [0.000042, -0.004221, 0.000049, 0.001363, -0.002622, -0.002626, 0.011752, -0.004589, -0.000441],
        [0.002086, 0.002269, 0.000425, -0.001829, 0.000667, 0.001089, -0.004589, 0.01068, 0.000889],
        [0.00011, -0.000226, -0.000722, -0.000961, 0.000118, -0.000933, -0.000441, 0.000889, 0.008481]
      ],
      "feature_order": ["(Intercept)", "civil_liberties", "z_gdp_growth", "z_cpi_inflation", "z_unemployment", "z_political_violence_ord", "z_refugee_outflow", "z_ffpi_avg", "z_coup_proof_fragmentation"],
      "n_train": 752,
      "deviance": 757.457267,
      "null_deviance": 813.576795
    },
    "electoral_autocracy": {
      "regime_code": 1,
      "coefficients": {
        "(Intercept)": 0.148853,
        "civil_liberties": -1.779136,
        "z_gdp_growth": 0.01992,
        "z_cpi_inflation": 0.027581,
        "z_unemployment": 0.108034,
        "z_political_violence_ord": 0.363201,
        "z_refugee_outflow": 0.051765,
        "z_ffpi_avg": 0.070302,
        "z_coup_proof_fragmentation": 0.014901
      },
      "vcov": [
        [0.026837, -0.045711, 0.000088, 0.00099, 0.000526, -0.000189, 0.000594, 0.000025, 0.000584],
        [-0.045711, 0.088062, -0.000346, -0.001415, -0.001237, -0.000939, -0.000621, 0.000065, -0.001222],
        [0.000088, -0.000346, 0.003173, 0.000089, 0.000607, 0.000393, 0.000013, 0.000031, 0.000034],
        [0.00099, -0.001415, 0.000089, 0.00397, 7.509218e-06, -0.000241, 0.00048, -0.000342, 0.000187],
        [0.000526, -0.001237, 0.000607, 7.509218e-06, 0.00348, -5.456268e-06, -0.000119, 0.000192, 0.00006],
        [-0.000189, -0.000939, 0.000393, -0.000241, -5.456268e-06, 0.003982, -0.00078, 8.852963e-07, 0.000128],
        [0.000594, -0.000621, 0.000013, 0.00048, -0.000119, -0.00078, 0.003799, -0.000758, 0.000324],
        [0.000025, 0.000065, 0.000031, -0.000342, 0.000192, 8.852963e-07, -0.000758, 0.003451, -0.000217],
        [0.000584, -0.001222, 0.000034, 0.000187, 0.00006, 0.000128, 0.000324, -0.000217, 0.003834]
      ],
      "feature_order": ["(Intercept)", "civil_liberties", "z_gdp_growth", "z_cpi_inflation", "z_unemployment", "z_political_violence_ord", "z_refugee_outflow", "z_ffpi_avg", "z_coup_proof_fragmentation"],
      "n_train": 1626,
      "deviance": 1959.178907,
      "null_deviance": 2038.096773
    },
    "electoral_democracy": {
      "regime_code": 2,
      "coefficients": {
        "(Intercept)": 9.068878,
        "civil_liberties": -12.961669,
        "z_gdp_growth": -0.129879,
        "z_cpi_inflation": -0.033319,
        "z_unemployment": 0.169369,
        "z_political_violence_ord": 0.302819,
        "z_refugee_outflow": 0.186023,
        "z_ffpi_avg": 0.318372,
        "z_coup_proof_fragmentation": 0.132894
      },
      "vcov": [
        [0.584264, -0.730435, -0.002767, -0.00384, -0.000146, -0.001828, 0.00146, 0.012024, 0.0037],
        [-0.730435, 0.9223, 0.003671, 0.005067, -0.000792, 0.002969, -0.001811, -0.015702, -0.005201],
        [-0.002767, 0.003671, 0.00636, -0.000106, 0.001011, -0.000147, 0.000171, -0.000517, -0.000155],
        [-0.00384, 0.005067, -0.000106, 0.006911, -0.000014, -0.000227, 0.001217, -0.000258, -0.000357],
        [-0.000146, -0.000792, 0.001011, -0.000014, 0.006146, 4.971169e-07, -0.000237, 0.000844, -0.000295],
        [-0.001828, 0.002969, -0.000147, -0.000227, 4.971169e-07, 0.009612, -0.000803, -0.000054, -0.000975],
        [0.00146, -0.001811, 0.000171, 0.001217, -0.000237, -0.000803, 0.00766, -0.001742, -0.000205],
        [0.012024, -0.015702, -0.000517, -0.000258, 0.000844, -0.000054, -0.001742, 0.006723, 0.000221],
        [0.0037, -0.005201, -0.000155, -0.000357, -0.000295, -0.000975, -0.000205, 0.000221, 0.00758]
      ],
      "feature_order": ["(Intercept)", "civil_liberties", "z_gdp_growth", "z_cpi_inflation", "z_unemployment", "z_political_violence_ord", "z_refugee_outflow", "z_ffpi_avg", "z_coup_proof_fragmentation"],
      "n_train": 1419,
      "deviance": 1148.540199,
      "null_deviance": 1420.69642
    },
    "liberal_democracy": {
      "regime_code": 3,
      "coefficients": {
        "(Intercept)": 7.127324,
        "civil_liberties": -9.872586,
        "z_gdp_growth": -0.115951,
        "z_cpi_inflation": 0.095738,
        "z_unemployment": 0.101903,
        "z_political_violence_ord": 0.11918,
        "z_refugee_outflow": 0.086816,
        "z_ffpi_avg": -0.159656,
        "z_coup_proof_fragmentation": -0.095328
      },
      "vcov": [
        [4.447975, -4.78803, -0.004525, -0.010343, 0.001099, 0.010198, 0.019937, -0.03302, 0.006673],
        [-4.78803, 5.165456, 0.005279, 0.011072, -0.002219, -0.010645, -0.021302, 0.03676, -0.005458],
        [-0.004525, 0.005279, 0.009914, -0.001708, 0.001321, 0.001377, 0.0002, 0.00144, 0.000195],
        [-0.010343, 0.011072, -0.001708, 0.010831, 0.001361, -0.001123, 0.000109, -0.000741, 0.000056],
        [0.001099, -0.002219, 0.001321, 0.001361, 0.010727, -0.000919, 0.001112, 0.000744, 0.002216],
        [0.010198, -0.010645, 0.001377, -0.001123, -0.000919, 0.016691, 0.000506, -0.001018, -0.000749],
        [0.019937, -0.021302, 0.0002, 0.000109, 0.001112, 0.000506, 0.011598, -0.001822, -0.000855],
        [-0.03302, 0.03676, 0.00144, -0.000741, 0.000744, -0.001018, -0.001822, 0.010972, -0.000262],
        [0.006673, -0.005458, 0.000195, 0.000056, 0.002216, -0.000749, -0.000855, -0.000262, 0.013577]
      ],
      "feature_order": ["(Intercept)", "civil_liberties", "z_gdp_growth", "z_cpi_inflation", "z_unemployment", "z_political_violence_ord", "z_refugee_outflow", "z_ffpi_avg", "z_coup_proof_fragmentation"],
      "n_train": 1099,
      "deviance": 755.623651,
      "null_deviance": 778.671134
    }
  }
}
