{
  "model_version": "unrest-risk-v0.2-ridge",
  "fitted_at": "2026-05-17",
  "train_years": [1995, 2022],
  "winsorize_bound": 3,
  "features": ["civil_liberties", "fariss_hr_score", "polity2", "z_gdp_growth", "z_cpi_inflation", "z_unemployment", "z_political_violence_ord", "z_refugee_outflow", "z_ffpi_avg", "z_coup_proof_fragmentation", "cpi_imputed"],
  "feature_labels": {
    "civil_liberties": "Civil liberties",
    "fariss_hr_score": "Human rights protection",
    "polity2": "Polity score",
    "z_gdp_growth": "GDP growth",
    "z_cpi_inflation": "Inflation",
    "z_unemployment": "Unemployment",
    "z_political_violence_ord": "Political violence",
    "z_refugee_outflow": "Refugee outflow",
    "z_ffpi_avg": "Global food prices",
    "z_coup_proof_fragmentation": "Coup-proofing fragmentation",
    "cpi_imputed": "Inflation imputed (flag)"
  },
  "feature_direction": {
    "civil_liberties": -1,
    "fariss_hr_score": -1,
    "polity2": -1,
    "z_gdp_growth": -1,
    "z_cpi_inflation": 1,
    "z_unemployment": 1,
    "z_political_violence_ord": 1,
    "z_refugee_outflow": 1,
    "z_ffpi_avg": 1,
    "z_coup_proof_fragmentation": -1,
    "cpi_imputed": 0
  },
  "strata": {
    "closed_autocracy": {
      "regime_code": 0,
      "coefficients": {
        "(Intercept)": -1.61526,
        "civil_liberties": -0.377794,
        "fariss_hr_score": -1.209031,
        "polity2": 0.077582,
        "z_gdp_growth": -0.109907,
        "z_cpi_inflation": 0.096165,
        "z_unemployment": -0.090692,
        "z_political_violence_ord": 0.172529,
        "z_refugee_outflow": -0.060319,
        "z_ffpi_avg": -0.138135,
        "z_coup_proof_fragmentation": 0.115317,
        "cpi_imputed": -0.311568
      },
      "vcov": [
        [0.034697, -0.0595, 0.007155, 0.001249, 0.000703, -0.00096, -0.000627, 0.000152, -0.000628, 0.002589, 0.000756, -0.013349],
        [-0.0595, 0.1414, -0.009032, -0.002064, -0.002824, -0.000967, 0.002689, -0.001443, -0.000665, -0.000283, -0.002305, 0.013818],
        [0.007155, -0.009032, 0.005496, -0.00017, -0.000499, -0.000019, 0.000239, 0.000571, 0.000051, -0.000396, -0.000295, -0.000326],
        [0.001249, -0.002064, -0.00017, 0.000237, 0.000133, 0.000171, -0.000061, 0.000039, -0.000129, 0.000104, -0.000034, 0.000258],
        [0.000703, -0.002824, -0.000499, 0.000133, 0.007613, 0.001304, 0.001287, 0.000742, -0.000246, -0.000475, 0.000314, 0.00007],
        [-0.00096, -0.000967, -0.000019, 0.000171, 0.001304, 0.005869, 0.001026, 0.000291, -0.000443, -0.000782, -0.000087, 0.002221],
        [-0.000627, 0.002689, 0.000239, -0.000061, 0.001287, 0.001026, 0.005889, 0.00034, -0.00105, 0.000274, 0.000131, -0.000162],
        [0.000152, -0.001443, 0.000571, 0.000039, 0.000742, 0.000291, 0.00034, 0.00787, -0.000744, 0.00008, -0.000183, -0.001649],
        [-0.000628, -0.000665, 0.000051, -0.000129, -0.000246, -0.000443, -0.00105, -0.000744, 0.006921, -0.002118, -0.00104, -0.001765],
        [0.002589, -0.000283, -0.000396, 0.000104, -0.000475, -0.000782, 0.000274, 0.00008, -0.002118, 0.007273, 0.000734, -0.000399],
        [0.000756, -0.002305, -0.000295, -0.000034, 0.000314, -0.000087, 0.000131, -0.000183, -0.00104, 0.000734, 0.00675, -0.002594],
        [-0.013349, 0.013818, -0.000326, 0.000258, 0.00007, 0.002221, -0.000162, -0.001649, -0.001765, -0.000399, -0.002594, 0.050683]
      ],
      "feature_order": ["(Intercept)", "civil_liberties", "fariss_hr_score", "polity2", "z_gdp_growth", "z_cpi_inflation", "z_unemployment", "z_political_violence_ord", "z_refugee_outflow", "z_ffpi_avg", "z_coup_proof_fragmentation", "cpi_imputed"],
      "n_train": 752,
      "n_events": 174,
      "lambda": 0.023764,
      "n_bootstrap": 500
    },
    "electoral_autocracy": {
      "regime_code": 1,
      "coefficients": {
        "(Intercept)": -1.704499,
        "civil_liberties": 0.289508,
        "fariss_hr_score": -1.375888,
        "polity2": 0.058623,
        "z_gdp_growth": 0.003284,
        "z_cpi_inflation": -0.007495,
        "z_unemployment": 0.054236,
        "z_political_violence_ord": 0.200158,
        "z_refugee_outflow": -0.03648,
        "z_ffpi_avg": 0.085568,
        "z_coup_proof_fragmentation": -0.043538,
        "cpi_imputed": -0.145789
      },
      "vcov": [
        [0.031316, -0.052966, 0.005786, 0.000904, -0.000293, 0.001237, -0.000475, 0.000298, -0.000066, -0.000358, -0.000026, 0.004275],
        [-0.052966, 0.099591, -0.005482, -0.001798, 0.000138, -0.002361, 0.000515, -0.001288, 0.000414, 0.000686, 0.000164, -0.013384],
        [0.005786, -0.005482, 0.004134, 0.000122, -0.000131, -0.000191, -0.000076, 0.000219, -0.000239, -0.000216, 0.000017, 0.000446],
        [0.000904, -0.001798, 0.000122, 0.000126, -9.986517e-06, 0.000085, -0.000032, -5.449962e-06, -0.000049, -0.000011, -4.795842e-06, 0.00016],
        [-0.000293, 0.000138, -0.000131, -9.986517e-06, 0.002562, -0.00006, 0.000293, 0.000214, -0.000054, 0.000123, -0.000215, 0.000732],
        [0.001237, -0.002361, -0.000191, 0.000085, -0.00006, 0.003323, -3.042679e-06, -0.000037, 0.000188, -0.000125, 0.000156, -0.000474],
        [-0.000475, 0.000515, -0.000076, -0.000032, 0.000293, -3.042679e-06, 0.002686, 0.00006, -0.000175, 0.000045, 0.00011, 0.002379],
        [0.000298, -0.001288, 0.000219, -5.449962e-06, 0.000214, -0.000037, 0.00006, 0.002593, -0.000344, -0.000302, 0.000052, 0.001353],
        [-0.000066, 0.000414, -0.000239, -0.000049, -0.000054, 0.000188, -0.000175, -0.000344, 0.003138, -0.000343, 0.000084, -0.000468],
        [-0.000358, 0.000686, -0.000216, -0.000011, 0.000123, -0.000125, 0.000045, -0.000302, -0.000343, 0.002598, -0.000083, 0.003365],
        [-0.000026, 0.000164, 0.000017, -4.795842e-06, -0.000215, 0.000156, 0.00011, 0.000052, 0.000084, -0.000083, 0.00252, -0.000324],
        [0.004275, -0.013384, 0.000446, 0.00016, 0.000732, -0.000474, 0.002379, 0.001353, -0.000468, 0.003365, -0.000324, 0.335266]
      ],
      "feature_order": ["(Intercept)", "civil_liberties", "fariss_hr_score", "polity2", "z_gdp_growth", "z_cpi_inflation", "z_unemployment", "z_political_violence_ord", "z_refugee_outflow", "z_ffpi_avg", "z_coup_proof_fragmentation", "cpi_imputed"],
      "n_train": 1626,
      "n_events": 520,
      "lambda": 0.025135,
      "n_bootstrap": 500
    },
    "electoral_democracy": {
      "regime_code": 2,
      "coefficients": {
        "(Intercept)": 3.774505,
        "civil_liberties": -6.237424,
        "fariss_hr_score": -0.861895,
        "polity2": 0.022377,
        "z_gdp_growth": -0.141388,
        "z_cpi_inflation": -0.031256,
        "z_unemployment": 0.096438,
        "z_political_violence_ord": 0.227886,
        "z_refugee_outflow": 0.127102,
        "z_ffpi_avg": 0.373659,
        "z_coup_proof_fragmentation": 0.099984,
        "cpi_imputed": -1.391698
      },