{
  "model_version": "unrest-risk-v0.1",
  "fitted_at": "2026-05-17",
  "train_years": [1995, 2022],
  "features": ["civil_liberties", "z_gdp_growth", "z_refugee_outflow", "z_political_violence_ord", "z_ffpi_avg", "z_coup_proof_fragmentation"],
  "feature_labels": {
    "civil_liberties": "Civil liberties",
    "z_gdp_growth": "GDP growth",
    "z_refugee_outflow": "Refugee outflow",
    "z_political_violence_ord": "Political violence",
    "z_ffpi_avg": "Global food prices",
    "z_coup_proof_fragmentation": "Coup-proofing fragmentation"
  },
  "feature_direction": {
    "civil_liberties": -1,
    "z_gdp_growth": -1,
    "z_refugee_outflow": 1,
    "z_political_violence_ord": 1,
    "z_ffpi_avg": 1,
    "z_coup_proof_fragmentation": -1
  },
  "strata": {
    "closed_autocracy": {
      "regime_code": 0,
      "coefficients": {
        "(Intercept)": -0.518932,
        "civil_liberties": -2.371594,
        "z_gdp_growth": -0.264942,
        "z_refugee_outflow": 0.220062,
        "z_political_violence_ord": 0.36508,
        "z_ffpi_avg": -0.118469,
        "z_coup_proof_fragmentation": -0.048447
      },
      "vcov": [
        [0.041877, -0.101106, 0.001271, 0.001378, -0.004159, 0.002643, -0.000239],
        [-0.101106, 0.338617, 0.000555, -0.005655, 0.001432, -0.000246, 0.002703],
        [0.001271, 0.000555, 0.010687, 0.001279, -0.000412, 0.000205, -0.000761],
        [0.001378, -0.005655, 0.001279, 0.013714, -0.003121, -0.004731, -0.001373],
        [-0.004159, 0.001432, -0.000412, -0.003121, 0.01509, 0.001308, -0.001139],
        [0.002643, -0.000246, 0.000205, -0.004731, 0.001308, 0.012222, -0.000111],
        [-0.000239, 0.002703, -0.000761, -0.001373, -0.001139, -0.000111, 0.012512]
      ],
      "feature_order": ["(Intercept)", "civil_liberties", "z_gdp_growth", "z_refugee_outflow", "z_political_violence_ord", "z_ffpi_avg", "z_coup_proof_fragmentation"],
      "n_train": 598,
      "deviance": 615.177895,
      "null_deviance": 657.890326
    },
    "electoral_autocracy": {
      "regime_code": 1,
      "coefficients": {
        "(Intercept)": 0.136187,
        "civil_liberties": -1.630667,
        "z_gdp_growth": 0.002502,
        "z_refugee_outflow": 0.056386,
        "z_political_violence_ord": 0.417184,
        "z_ffpi_avg": 0.067769,
        "z_coup_proof_fragmentation": 0.009817
      },
      "vcov": [
        [0.0271, -0.046138, -0.000055, 0.000817, -0.000282, 0.000231, 0.00064],
        [-0.046138, 0.089333, -0.00005, -0.000955, -0.000794, -0.000018, -0.001388],
        [-0.000055, -0.00005, 0.003267, 0.000035, 0.000383, 0.000065, 0.000026],
        [0.000817, -0.000955, 0.000035, 0.00407, -0.000847, -0.000747, 0.000359],
        [-0.000282, -0.000794, 0.000383, -0.000847, 0.004499, -0.000072, 0.000164],
        [0.000231, -0.000018, 0.000065, -0.000747, -0.000072, 0.003693, -0.000247],
        [0.00064, -0.001388, 0.000026, 0.000359, 0.000164, -0.000247, 0.004278]
      ],
      "feature_order": ["(Intercept)", "civil_liberties", "z_gdp_growth", "z_refugee_outflow", "z_political_violence_ord", "z_ffpi_avg", "z_coup_proof_fragmentation"],
      "n_train": 1510,
      "deviance": 1847.020215,
      "null_deviance": 1924.575005
    },
    "electoral_democracy": {
      "regime_code": 2,
      "coefficients": {
        "(Intercept)": 10.02948,
        "civil_liberties": -13.947482,
        "z_gdp_growth": -0.152082,
        "z_refugee_outflow": 0.242502,
        "z_political_violence_ord": 0.306336,
        "z_ffpi_avg": 0.305605,
        "z_coup_proof_fragmentation": 0.151606
      },
      "vcov": [
        [0.66776, -0.83231, -0.003963, 0.003815, 0.000781, 0.014768, 0.004995],
        [-0.83231, 1.046864, 0.005276, -0.004565, -0.000193, -0.018703, -0.006938],
        [-0.003963, 0.005276, 0.006832, 0.000271, -0.000108, -0.000822, -0.000023],
        [0.003815, -0.004565, 0.000271, 0.008214, -0.000781, -0.001709, -0.000179],
        [0.000781, -0.000193, -0.000108, -0.000781, 0.010082, -0.000088, -0.000699],
        [0.014768, -0.018703, -0.000822, -0.001709, -0.000088, 0.007171, -0.000088],
        [0.004995, -0.006938, -0.000023, -0.000179, -0.000699, -0.000088, 0.008107]
      ],
      "feature_order": ["(Intercept)", "civil_liberties", "z_gdp_growth", "z_refugee_outflow", "z_political_violence_ord", "z_ffpi_avg", "z_coup_proof_fragmentation"],
      "n_train": 1279,
      "deviance": 1070.780891,
      "null_deviance": 1346.868001
    },
    "liberal_democracy": {
      "regime_code": 3,
      "coefficients": {
        "(Intercept)": 10.960554,
        "civil_liberties": -13.990422,
        "z_gdp_growth": -0.09199,
        "z_refugee_outflow": 0.083788,
        "z_political_violence_ord": 0.061034,
        "z_ffpi_avg": -0.192507,
        "z_coup_proof_fragmentation": -0.074023
      },
      "vcov": [
        [5.794017, -6.243203, -0.004031, 0.026169, -0.018934, -0.025824, 0.010881],
        [-6.243203, 6.739444, 0.004866, -0.027519, 0.021231, 0.030125, -0.009846],
        [-0.004031, 0.004866, 0.00998, 0.000194, 0.001316, 0.00128, -0.000094],
        [0.026169, -0.027519, 0.000194, 0.012407, 0.00056, -0.002212, -0.000971],
        [-0.018934, 0.021231, 0.001316, 0.00056, 0.018389, -0.001089, -0.000154],
        [-0.025824, 0.030125, 0.00128, -0.002212, -0.001089, 0.012173, -0.000766],
        [0.010881, -0.009846, -0.000094, -0.000971, -0.000154, -0.000766, 0.014364]
      ],
      "feature_order": ["(Intercept)", "civil_liberties", "z_gdp_growth", "z_refugee_outflow", "z_political_violence_ord", "z_ffpi_avg", "z_coup_proof_fragmentation"],
      "n_train": 1059,
      "deviance": 718.233686,
      "null_deviance": 748.478684
    }
  }
}
